weekday,avg_daily_revenue
Saturday,1170086.666666666667
Friday,1154229.444444444444
Thursday,1130550.555555555556
